<?xml version="1.0"?>
<!DOCTYPE modification SYSTEM "http://www.simplemachines.org/xml/modification">
<modification xmlns="http://www.simplemachines.org/xml/modification" xmlns:smf="http://www.simplemachines.org/">
	<id>Antes:MetroBoards</id>
	<version>1.0</version>
	<file name="$sourcedir/ManageBoards.php">
		<operation>
			<search position="after"><![CDATA[		// We need to know what used to be case in terms of redirection.]]></search>
			<add><![CDATA[
		// Sizes
		$boardOptions['size'] = $_POST['size'];]]></add>
		</operation>
	</file>
	<file name="$sourcedir/Subs-Boards.php">
		<operation>
			<search position="after"><![CDATA[	// Should the board theme override the user preferred theme?]]></search>
			<add><![CDATA[
	// Set the size for this board.
	if (isset($boardOptions['size']))
	{
		$boardUpdates[] = 'size = {int:size}';
		$boardUpdateParameters['size'] = (int) $boardOptions['size'];
	}]]></add>
		</operation>
	</file>
	<file name="$themedir/ManageBoards.template.php">
		<operation>
			<search position="replace"><![CDATA[</dd>
						<dt>
							<strong>', $txt['permission_profile'], ':</strong><br />]]></search>
			<add><![CDATA[</dd>
						<dt>
							<strong>Board Size:</strong>
						</dt>
						<dd>
							<select name="size">';
	foreach ($context['board_sizes'] as $value => $size)
		echo '
								<option value="', $value, '"', (!empty($size['selected']) ? 'selected="selected"' : ''), '>', $size['name'], '</option>';
	echo '
							</select>
						</dd>
						<dt>
							<strong>', $txt['permission_profile'], ':</strong><br />]]></add>
		</operation>
	</file>
</modification>