<?xml version="1.0"?>
<!DOCTYPE package-info SYSTEM "http://www.simplemachines.org/xml/package-info">
<package-info xmlns="http://www.simplemachines.org/xml/package-info" xmlns:smf="http://www.simplemachines.org/">
	<id>Antes:Metro_Boards</id>
	<name>Metro Boards</name>
	<version>0.4</version>
	<type>modification</type>
	<install>
		<modification>install.xml</modification>
		<database>add_db.php</database>
		<require-file name="Subs-MetroBoards.php" destination="$sourcedir" />
	</install>
	<uninstall>
		<modification reverse="true">install.xml</modification>
		<remove-file name="$sourcedir/Subs-MetroBoards.php" />
	</uninstall>
</package-info>